{
  "total_documents": 29930,
  "vedas_documents": 23953,
  "educational_documents": 4172,
  "wellness_documents": 1805,
  "processing_time": 1090.575171,
  "errors": [],
  "timestamp": "2025-07-11T16:12:40.659623"
}